{
  "timestamp": "2025-06-17T01:51:22.316381",
  "performance_summary": {
    "trading_system": {
      "error_rate": {
        "current": 0.0,
        "average": 0.0,
        "min": 0.0,
        "max": 0.0
      },
      "latency_ms": {
        "current": 15.5,
        "average": 15.5,
        "min": 15.5,
        "max": 15.5
      },
      "throughput_ops_sec": {
        "current": 2581.2102823257446,
        "average": 2571.252633395948,
        "min": 2561.2942247390747,
        "max": 2581.2102823257446
      }
    },
    "market_data_system": {
      "throughput_ops_sec": {
        "current": 33481.210290670395,
        "average": 33471.25264412478,
        "min": 33461.29423761368,
        "max": 33481.210290670395
      },
      "latency_ms": {
        "current": 0.030291587637117333,
        "average": 0.03475100789147353,
        "min": 0.030291587637117333,
        "max": 0.03929229907815763
      }
    },
    "ibkr_integration": {
      "connection_success_rate": {
        "current": 100.0,
        "average": 100.0,
        "min": 100.0,
        "max": 100.0
      },
      "operation_latency_ms": {
        "current": 0.5102967721256967,
        "average": 0.5947571460543696,
        "min": 0.5007710438999897,
        "max": 0.6985412579807994
      }
    }
  },
  "alert_summary": {
    "total_active": 0,
    "critical": 0,
    "warning": 0,
    "recent_alerts": []
  },
  "system_health": {
    "memory_usage_mb": 1281.63671875,
    "cpu_percent": 0.0
  }
}